driverId,forename,surname,dob,nationality,url
1,Lewis,Hamilton,07/01/1985,British,http://en.wikipedia.org/wiki/Lewis_Hamilton
2,Nick,Heidfeld,10/05/1977,German,http://en.wikipedia.org/wiki/Nick_Heidfeld
3,Nico,Rosberg,27/06/1985,German,http://en.wikipedia.org/wiki/Nico_Rosberg
4,Fernando,Alonso,29/07/1981,Spanish,http://en.wikipedia.org/wiki/Fernando_Alonso
5,Heikki,Kovalainen,19/10/1981,Finnish,http://en.wikipedia.org/wiki/Heikki_Kovalainen
6,Kazuki,Nakajima,11/01/1985,Japanese,http://en.wikipedia.org/wiki/Kazuki_Nakajima
7,Sébastien,Bourdais,28/02/1979,French,http://en.wikipedia.org/wiki/S%C3%A9bastien_Bourdais
8,Kimi,Räikkönen,17/10/1979,Finnish,http://en.wikipedia.org/wiki/Kimi_R%C3%A4ikk%C3%B6nen
9,Robert,Kubica,07/12/1984,Polish,http://en.wikipedia.org/wiki/Robert_Kubica
10,Timo,Glock,18/03/1982,German,http://en.wikipedia.org/wiki/Timo_Glock
11,Takuma,Sato,28/01/1977,Japanese,http://en.wikipedia.org/wiki/Takuma_Sato
12,Nelson,Piquet Jr.,25/07/1985,Brazilian,"http://en.wikipedia.org/wiki/Nelson_Piquet,_Jr."
13,Felipe,Massa,25/04/1981,Brazilian,http://en.wikipedia.org/wiki/Felipe_Massa
14,David,Coulthard,27/03/1971,British,http://en.wikipedia.org/wiki/David_Coulthard
15,Jarno,Trulli,13/07/1974,Italian,http://en.wikipedia.org/wiki/Jarno_Trulli
16,Adrian,Sutil,11/01/1983,German,http://en.wikipedia.org/wiki/Adrian_Sutil
17,Mark,Webber,27/08/1976,Australian,http://en.wikipedia.org/wiki/Mark_Webber
18,Jenson,Button,19/01/1980,British,http://en.wikipedia.org/wiki/Jenson_Button
19,Anthony,Davidson,18/04/1979,British,http://en.wikipedia.org/wiki/Anthony_Davidson
20,Sebastian,Vettel,03/07/1987,German,http://en.wikipedia.org/wiki/Sebastian_Vettel
21,Giancarlo,Fisichella,14/01/1973,Italian,http://en.wikipedia.org/wiki/Giancarlo_Fisichella
22,Rubens,Barrichello,23/05/1972,Brazilian,http://en.wikipedia.org/wiki/Rubens_Barrichello
23,Ralf,Schumacher,30/06/1975,German,http://en.wikipedia.org/wiki/Ralf_Schumacher
24,Vitantonio,Liuzzi,06/08/1980,Italian,http://en.wikipedia.org/wiki/Vitantonio_Liuzzi
25,Alexander,Wurz,15/02/1974,Austrian,http://en.wikipedia.org/wiki/Alexander_Wurz
26,Scott,Speed,24/01/1983,American,http://en.wikipedia.org/wiki/Scott_Speed
27,Christijan,Albers,16/04/1979,Dutch,http://en.wikipedia.org/wiki/Christijan_Albers
28,Markus,Winkelhock,13/06/1980,German,http://en.wikipedia.org/wiki/Markus_Winkelhock
29,Sakon,Yamamoto,09/07/1982,Japanese,http://en.wikipedia.org/wiki/Sakon_Yamamoto
30,Michael,Schumacher,03/01/1969,German,http://en.wikipedia.org/wiki/Michael_Schumacher
31,Juan,Pablo Montoya,20/09/1975,Colombian,http://en.wikipedia.org/wiki/Juan_Pablo_Montoya
32,Christian,Klien,07/02/1983,Austrian,http://en.wikipedia.org/wiki/Christian_Klien
33,Tiago,Monteiro,24/07/1976,Portuguese,http://en.wikipedia.org/wiki/Tiago_Monteiro
34,Yuji,Ide,21/01/1975,Japanese,http://en.wikipedia.org/wiki/Yuji_Ide
35,Jacques,Villeneuve,09/04/1971,Canadian,http://en.wikipedia.org/wiki/Jacques_Villeneuve
36,Franck,Montagny,05/01/1978,French,http://en.wikipedia.org/wiki/Franck_Montagny
37,Pedro,de la Rosa,24/02/1971,Spanish,http://en.wikipedia.org/wiki/Pedro_de_la_Rosa
38,Robert,Doornbos,23/09/1981,Dutch,http://en.wikipedia.org/wiki/Robert_Doornbos
39,Narain,Karthikeyan,14/01/1977,Indian,http://en.wikipedia.org/wiki/Narain_Karthikeyan
40,Patrick,Friesacher,26/09/1980,Austrian,http://en.wikipedia.org/wiki/Patrick_Friesacher
41,Ricardo,Zonta,23/03/1976,Brazilian,http://en.wikipedia.org/wiki/Ricardo_Zonta
42,Antônio,Pizzonia,11/09/1980,Brazilian,http://en.wikipedia.org/wiki/Ant%C3%B4nio_Pizzonia
43,Cristiano,da Matta,19/09/1973,Brazilian,http://en.wikipedia.org/wiki/Cristiano_da_Matta
44,Olivier,Panis,02/09/1966,French,http://en.wikipedia.org/wiki/Olivier_Panis
45,Giorgio,Pantano,04/02/1979,Italian,http://en.wikipedia.org/wiki/Giorgio_Pantano
46,Gianmaria,Bruni,30/05/1981,Italian,http://en.wikipedia.org/wiki/Gianmaria_Bruni
47,Zsolt,Baumgartner,01/01/1981,Hungarian,http://en.wikipedia.org/wiki/Zsolt_Baumgartner
48,Marc,Gené,29/03/1974,Spanish,http://en.wikipedia.org/wiki/Marc_Gen%C3%A9
49,Heinz-Harald,Frentzen,18/05/1967,German,http://en.wikipedia.org/wiki/Heinz-Harald_Frentzen
50,Jos,Verstappen,04/03/1972,Dutch,http://en.wikipedia.org/wiki/Jos_Verstappen
51,Justin,Wilson,31/07/1978,British,http://en.wikipedia.org/wiki/Justin_Wilson_(racing_driver)
52,Ralph,Firman,20/05/1975,Irish,http://en.wikipedia.org/wiki/Ralph_Firman
53,Nicolas,Kiesa,03/03/1978,Danish,http://en.wikipedia.org/wiki/Nicolas_Kiesa
54,Luciano,Burti,05/03/1975,Brazilian,http://en.wikipedia.org/wiki/Luciano_Burti
55,Jean,Alesi,11/06/1964,French,http://en.wikipedia.org/wiki/Jean_Alesi
56,Eddie,Irvine,10/11/1965,British,http://en.wikipedia.org/wiki/Eddie_Irvine
57,Mika,Häkkinen,28/09/1968,Finnish,http://en.wikipedia.org/wiki/Mika_H%C3%A4kkinen
58,Tarso,Marques,19/01/1976,Brazilian,http://en.wikipedia.org/wiki/Tarso_Marques
59,Enrique,Bernoldi,19/10/1978,Brazilian,http://en.wikipedia.org/wiki/Enrique_Bernoldi
60,Gastón,Mazzacane,08/05/1975,Argentine,http://en.wikipedia.org/wiki/Gast%C3%B3n_Mazzacane
61,Tomáš,Enge,11/09/1976,Czech,http://en.wikipedia.org/wiki/Tom%C3%A1%C5%A1_Enge
62,Alex,Yoong,20/07/1976,Malaysian,http://en.wikipedia.org/wiki/Alex_Yoong
63,Mika,Salo,30/11/1966,Finnish,http://en.wikipedia.org/wiki/Mika_Salo
64,Pedro,Diniz,22/05/1970,Brazilian,http://en.wikipedia.org/wiki/Pedro_Diniz
65,Johnny,Herbert,25/06/1964,British,http://en.wikipedia.org/wiki/Johnny_Herbert
66,Allan,McNish,29/12/1969,British,http://en.wikipedia.org/wiki/Allan_McNish
67,Sébastien,Buemi,31/10/1988,Swiss,http://en.wikipedia.org/wiki/S%C3%A9bastien_Buemi
68,Toranosuke,Takagi,12/02/1974,Japanese,http://en.wikipedia.org/wiki/Toranosuke_Takagi
69,Luca,Badoer,25/01/1971,Italian,http://en.wikipedia.org/wiki/Luca_Badoer
70,Alessandro,Zanardi,23/10/1966,Italian,http://en.wikipedia.org/wiki/Alex_Zanardi
71,Damon,Hill,17/09/1960,British,http://en.wikipedia.org/wiki/Damon_Hill
72,Stéphane,Sarrazin,02/11/1975,French,http://en.wikipedia.org/wiki/St%C3%A9phane_Sarrazin
73,Ricardo,Rosset,27/07/1968,Brazilian,http://en.wikipedia.org/wiki/Ricardo_Rosset
74,Esteban,Tuero,22/04/1978,Argentine,http://en.wikipedia.org/wiki/Esteban_Tuero
75,Shinji,Nakano,01/04/1971,Japanese,http://en.wikipedia.org/wiki/Shinji_Nakano
76,Jan,Magnussen,04/07/1973,Danish,http://en.wikipedia.org/wiki/Jan_Magnussen
77,Gerhard,Berger,27/08/1959,Austrian,http://en.wikipedia.org/wiki/Gerhard_Berger
78,Nicola,Larini,19/03/1964,Italian,http://en.wikipedia.org/wiki/Nicola_Larini
79,Ukyo,Katayama,29/05/1963,Japanese,http://en.wikipedia.org/wiki/Ukyo_Katayama
80,Vincenzo,Sospiri,07/10/1966,Italian,http://en.wikipedia.org/wiki/Vincenzo_Sospiri
81,Gianni,Morbidelli,13/01/1968,Italian,http://en.wikipedia.org/wiki/Gianni_Morbidelli
82,Norberto,Fontana,20/01/1975,Argentine,http://en.wikipedia.org/wiki/Norberto_Fontana
83,Pedro,Lamy,20/03/1972,Portuguese,http://en.wikipedia.org/wiki/Pedro_Lamy
84,Martin,Brundle,01/06/1959,British,http://en.wikipedia.org/wiki/Martin_Brundle
85,Andrea,Montermini,30/05/1964,Italian,http://en.wikipedia.org/wiki/Andrea_Montermini
86,Giovanni,Lavaggi,18/02/1958,Italian,http://en.wikipedia.org/wiki/Giovanni_Lavaggi
87,Mark,Blundell,08/04/1966,British,http://en.wikipedia.org/wiki/Mark_Blundell
88,Aguri,Suzuki,08/09/1960,Japanese,http://en.wikipedia.org/wiki/Aguri_Suzuki
89,Taki,Inoue,05/09/1963,Japanese,http://en.wikipedia.org/wiki/Taki_Inoue
90,Roberto,Moreno,11/02/1959,Brazilian,http://en.wikipedia.org/wiki/Roberto_Moreno
91,Karl,Wendlinger,20/12/1968,Austrian,http://en.wikipedia.org/wiki/Karl_Wendlinger
92,Bertrand,Gachot,23/12/1962,Belgian,http://en.wikipedia.org/wiki/Bertrand_Gachot
93,Domenico,Schiattarella,17/11/1967,Italian,http://en.wikipedia.org/wiki/Domenico_Schiattarella
94,Pierluigi,Martini,23/04/1961,Italian,http://en.wikipedia.org/wiki/Pierluigi_Martini
95,Nigel,Mansell,08/08/1953,British,http://en.wikipedia.org/wiki/Nigel_Mansell
96,Jean-Christophe,Boullion,27/12/1969,French,http://en.wikipedia.org/wiki/Jean-Christophe_Boullion
97,Massimiliano,Papis,03/10/1969,Italian,http://en.wikipedia.org/wiki/Massimiliano_Papis
98,Jean-Denis,Délétraz,01/10/1963,Swiss,http://en.wikipedia.org/wiki/Jean-Denis_Deletraz
99,Gabriele,Tarquini,02/03/1962,Italian,http://en.wikipedia.org/wiki/Gabriele_Tarquini
100,Érik,Comas,28/09/1963,French,http://en.wikipedia.org/wiki/%C3%89rik_Comas
101,David,Brabham,05/09/1965,Australian,http://en.wikipedia.org/wiki/David_Brabham
102,Ayrton,Senna,21/03/1960,Brazilian,http://en.wikipedia.org/wiki/Ayrton_Senna
103,Éric,Bernard,24/08/1964,French,http://en.wikipedia.org/wiki/%C3%89ric_Bernard
104,Christian,Fittipaldi,18/01/1971,Brazilian,http://en.wikipedia.org/wiki/Christian_Fittipaldi
105,Michele,Alboreto,23/12/1956,Italian,http://en.wikipedia.org/wiki/Michele_Alboreto
106,Olivier,Beretta,23/11/1969,Monegasque,http://en.wikipedia.org/wiki/Olivier_Beretta
107,Roland,Ratzenberger,04/07/1960,Austrian,http://en.wikipedia.org/wiki/Roland_Ratzenberger
108,Paul,Belmondo,23/04/1963,French,http://en.wikipedia.org/wiki/Paul_Belmondo
109,Jyrki,Järvilehto,31/01/1966,Finnish,http://en.wikipedia.org/wiki/Jyrki_J%C3%A4rvilehto
110,Andrea,de Cesaris,31/05/1959,Italian,http://en.wikipedia.org/wiki/Andrea_de_Cesaris
111,Jean-Marc,Gounon,01/01/1963,French,http://en.wikipedia.org/wiki/Jean-Marc_Gounon
112,Philippe,Alliot,27/07/1954,French,http://en.wikipedia.org/wiki/Philippe_Alliot
113,Philippe,Adams,19/11/1969,Belgian,http://en.wikipedia.org/wiki/Philippe_Adams
114,Yannick,Dalmas,28/07/1961,French,http://en.wikipedia.org/wiki/Yannick_Dalmas
115,Hideki,Noda,07/03/1969,Japanese,http://en.wikipedia.org/wiki/Hideki_Noda
116,Franck,Lagorce,01/09/1968,French,http://en.wikipedia.org/wiki/Franck_Lagorce
117,Alain,Prost,24/02/1955,French,http://en.wikipedia.org/wiki/Alain_Prost
118,Derek,Warwick,27/08/1954,British,http://en.wikipedia.org/wiki/Derek_Warwick
119,Riccardo,Patrese,17/04/1954,Italian,http://en.wikipedia.org/wiki/Riccardo_Patrese
120,Fabrizio,Barbazza,02/04/1963,Italian,http://en.wikipedia.org/wiki/Fabrizio_Barbazza
121,Michael,Andretti,05/10/1962,American,http://en.wikipedia.org/wiki/Michael_Andretti
122,Ivan,Capelli,24/05/1963,Italian,http://en.wikipedia.org/wiki/Ivan_Capelli
123,Thierry,Boutsen,13/07/1957,Belgian,http://en.wikipedia.org/wiki/Thierry_Boutsen
124,Marco,Apicella,07/10/1965,Italian,http://en.wikipedia.org/wiki/Marco_Apicella
125,Emanuele,Naspetti,24/02/1968,Italian,http://en.wikipedia.org/wiki/Emanuele_Naspetti
126,Toshio,Suzuki,10/03/1955,Japanese,http://en.wikipedia.org/wiki/Toshio_Suzuki_(driver)
127,Maurício,Gugelmin,20/04/1963,Brazilian,http://en.wikipedia.org/wiki/Maur%C3%ADcio_Gugelmin
128,Eric,van de Poele,30/09/1961,Belgian,http://en.wikipedia.org/wiki/Eric_van_de_Poele
129,Olivier,Grouillard,02/09/1958,French,http://en.wikipedia.org/wiki/Olivier_Grouillard
130,Andrea,Chiesa,06/05/1964,Swiss,http://en.wikipedia.org/wiki/Andrea_Chiesa
131,Stefano,Modena,12/05/1963,Italian,http://en.wikipedia.org/wiki/Stefano_Modena
132,Giovanna,Amati,20/07/1959,Italian,http://en.wikipedia.org/wiki/Giovanna_Amati
133,Alex,Caffi,18/03/1964,Italian,http://en.wikipedia.org/wiki/Alex_Caffi
134,Enrico,Bertaggia,19/09/1964,Italian,http://en.wikipedia.org/wiki/Enrico_Bertaggia
135,Perry,McCarthy,03/03/1961,British,http://en.wikipedia.org/wiki/Perry_McCarthy
136,Jan,Lammers,02/06/1956,Dutch,http://en.wikipedia.org/wiki/Jan_Lammers
137,Nelson,Piquet,17/08/1952,Brazilian,http://en.wikipedia.org/wiki/Nelson_Piquet
138,Satoru,Nakajima,23/02/1953,Japanese,http://en.wikipedia.org/wiki/Satoru_Nakajima
139,Emanuele,Pirro,12/01/1962,Italian,http://en.wikipedia.org/wiki/Emanuele_Pirro
140,Stefan,Johansson,08/09/1956,Swedish,http://en.wikipedia.org/wiki/Stefan_Johansson
141,Julian,Bailey,09/10/1961,British,http://en.wikipedia.org/wiki/Julian_Bailey
142,Pedro,Chaves,27/02/1965,Portuguese,http://en.wikipedia.org/wiki/Pedro_Chaves
143,Michael,Bartels,08/03/1968,German,http://en.wikipedia.org/wiki/Michael_Bartels
144,Naoki,Hattori,13/06/1966,Japanese,http://en.wikipedia.org/wiki/Naoki_Hattori
145,Alessandro,Nannini,07/07/1959,Italian,http://en.wikipedia.org/wiki/Alessandro_Nannini
146,Bernd,Schneider,20/07/1964,German,http://en.wikipedia.org/wiki/Bernd_Schneider_(racecar_driver)
147,Paolo,Barilla,20/04/1961,Italian,http://en.wikipedia.org/wiki/Paolo_Barilla
148,Gregor,Foitek,27/03/1965,Swiss,http://en.wikipedia.org/wiki/Gregor_Foitek
149,Claudio,Langes,20/07/1960,Italian,http://en.wikipedia.org/wiki/Claudio_Langes
150,Gary,Brabham,29/03/1961,Australian,http://en.wikipedia.org/wiki/Gary_Brabham
151,Martin,Donnelly,26/03/1964,British,http://en.wikipedia.org/wiki/Martin_Donnelly_(racing_driver)
152,Bruno,Giacomelli,10/09/1952,Italian,http://en.wikipedia.org/wiki/Bruno_Giacomelli
153,Jaime,Alguersuari,23/03/1990,Spanish,http://en.wikipedia.org/wiki/Jaime_Alguersuari
154,Romain,Grosjean,17/04/1986,French,http://en.wikipedia.org/wiki/Romain_Grosjean
155,Kamui,Kobayashi,13/09/1986,Japanese,http://en.wikipedia.org/wiki/Kamui_Kobayashi
156,Jonathan,Palmer,07/11/1956,British,http://en.wikipedia.org/wiki/Jonathan_Palmer
157,Christian,Danner,04/04/1958,German,http://en.wikipedia.org/wiki/Christian_Danner
158,Eddie,Cheever,10/01/1958,American,http://en.wikipedia.org/wiki/Eddie_Cheever
159,Luis,Pérez-Sala,15/05/1959,Spanish,http://en.wikipedia.org/wiki/Luis_Perez-Sala
160,Piercarlo,Ghinzani,16/01/1952,Italian,http://en.wikipedia.org/wiki/Piercarlo_Ghinzani
161,Volker,Weidler,18/03/1962,German,http://en.wikipedia.org/wiki/Volker_Weidler
162,Pierre-Henri,Raphanel,27/05/1961,French,http://en.wikipedia.org/wiki/Pierre-Henri_Raphanel
163,René,Arnoux,04/07/1948,French,http://en.wikipedia.org/wiki/Ren%C3%A9_Arnoux
164,Joachim,Winkelhock,24/10/1960,German,http://en.wikipedia.org/wiki/Joachim_Winkelhock
165,Oscar,Larrauri,19/08/1954,Argentine,http://en.wikipedia.org/wiki/Oscar_Larrauri
166,Philippe,Streiff,26/06/1955,French,http://en.wikipedia.org/wiki/Philippe_Streiff
167,Adrián,Campos,17/06/1960,Spanish,http://en.wikipedia.org/wiki/Adri%C3%A1n_Campos
168,Jean-Louis,Schlesser,12/09/1948,French,http://en.wikipedia.org/wiki/Jean-Louis_Schlesser
169,Pascal,Fabre,09/01/1960,French,http://en.wikipedia.org/wiki/Pascal_Fabre
170,Teo,Fabi,09/03/1955,Italian,http://en.wikipedia.org/wiki/Teo_Fabi
171,Franco,Forini,22/09/1958,Swiss,http://en.wikipedia.org/wiki/Franco_Forini
172,Jacques,Laffite,21/11/1943,French,http://en.wikipedia.org/wiki/Jacques_Laffite
173,Elio,de Angelis,26/03/1958,Italian,http://en.wikipedia.org/wiki/Elio_de_Angelis
174,Johnny,Dumfries,26/04/1958,British,http://en.wikipedia.org/wiki/Johnny_Dumfries
175,Patrick,Tambay,25/06/1949,French,http://en.wikipedia.org/wiki/Patrick_Tambay
176,Marc,Surer,18/09/1951,Swiss,http://en.wikipedia.org/wiki/Marc_Surer
177,Keke,Rosberg,06/12/1948,Finnish,http://en.wikipedia.org/wiki/Keke_Rosberg
178,Alan,Jones,02/11/1946,Australian,http://en.wikipedia.org/wiki/Alan_Jones_(Formula_1)
179,Huub,Rothengatter,08/10/1954,Dutch,http://en.wikipedia.org/wiki/Huub_Rothengatter
180,Allen,Berg,01/08/1961,Canadian,http://en.wikipedia.org/wiki/Allen_Berg
181,Manfred,Winkelhock,06/10/1951,German,http://en.wikipedia.org/wiki/Manfred_Winkelhock
182,Niki,Lauda,22/02/1949,Austrian,http://en.wikipedia.org/wiki/Niki_Lauda
183,François,Hesnault,30/12/1956,French,http://en.wikipedia.org/wiki/Fran%C3%A7ois_Hesnault
184,Mauro,Baldi,31/01/1954,Italian,http://en.wikipedia.org/wiki/Mauro_Baldi
185,Stefan,Bellof,20/11/1957,German,http://en.wikipedia.org/wiki/Stefan_Bellof
186,Kenny,Acheson,27/11/1957,British,http://en.wikipedia.org/wiki/Kenny_Acheson
187,John,Watson,04/05/1946,British,http://en.wikipedia.org/wiki/John_Watson_(racing_driver)
188,Johnny,Cecotto,25/01/1956,Venezuelan,http://en.wikipedia.org/wiki/Johnny_Cecotto
189,Jo,Gartner,24/01/1954,Austrian,http://en.wikipedia.org/wiki/Jo_Gartner
190,Corrado,Fabi,12/04/1961,Italian,http://en.wikipedia.org/wiki/Corrado_Fabi
191,Mike,Thackwell,30/03/1961,New Zealander,http://en.wikipedia.org/wiki/Mike_Thackwell
192,Chico,Serra,03/02/1957,Brazilian,http://en.wikipedia.org/wiki/Chico_Serra
193,Danny,Sullivan,09/03/1950,American,http://en.wikipedia.org/wiki/Danny_Sullivan
194,Eliseo,Salazar,14/11/1954,Chilean,http://en.wikipedia.org/wiki/Eliseo_Salazar
195,Roberto,Guerrero,16/11/1958,Colombian,http://en.wikipedia.org/wiki/Roberto_Guerrero
196,Raul,Boesel,04/12/1957,Brazilian,http://en.wikipedia.org/wiki/Raul_Boesel
197,Jean-Pierre,Jarier,10/07/1946,French,http://en.wikipedia.org/wiki/Jean-Pierre_Jarier
198,Jacques,Villeneuve Sr.,04/11/1953,Canadian,http://en.wikipedia.org/wiki/Jacques_Villeneuve_(elder)
199,Carlos,Reutemann,12/04/1942,Argentine,http://en.wikipedia.org/wiki/Carlos_Reutemann
200,Jochen,Mass,30/09/1946,German,http://en.wikipedia.org/wiki/Jochen_Mass
201,Slim,Borgudd,25/11/1946,Swedish,http://en.wikipedia.org/wiki/Slim_Borgudd
202,Didier,Pironi,26/03/1952,French,http://en.wikipedia.org/wiki/Didier_Pironi
203,Gilles,Villeneuve,18/01/1950,Canadian,http://en.wikipedia.org/wiki/Gilles_Villeneuve
204,Riccardo,Paletti,15/06/1958,Italian,http://en.wikipedia.org/wiki/Riccardo_Paletti
205,Brian,Henton,19/09/1946,British,http://en.wikipedia.org/wiki/Brian_Henton
206,Derek,Daly,11/03/1953,Irish,http://en.wikipedia.org/wiki/Derek_Daly
207,Mario,Andretti,28/02/1940,American,http://en.wikipedia.org/wiki/Mario_Andretti
208,Emilio,de Villota,26/07/1946,Spanish,http://en.wikipedia.org/wiki/Emilio_de_Villota
209,Geoff,Lees,01/05/1951,British,http://en.wikipedia.org/wiki/Geoff_Lees
210,Tommy,Byrne,06/05/1958,Irish,http://en.wikipedia.org/wiki/Tommy_Byrne_%28racing_driver%29
211,Rupert,Keegan,26/02/1955,British,http://en.wikipedia.org/wiki/Rupert_Keegan
212,Hector,Rebaque,05/02/1956,Mexican,http://en.wikipedia.org/wiki/Hector_Rebaque
213,Beppe,Gabbiani,02/01/1957,Italian,http://en.wikipedia.org/wiki/Beppe_Gabbiani
214,Kevin,Cogan,31/03/1956,American,http://en.wikipedia.org/wiki/Kevin_Cogan
215,Miguel Ángel,Guerra,31/08/1953,Argentine,http://en.wikipedia.org/wiki/Miguel_Angel_Guerra
216,Siegfried,Stohr,10/10/1952,Italian,http://en.wikipedia.org/wiki/Siegfried_Stohr
217,Ricardo,Zunino,13/04/1949,Argentine,http://en.wikipedia.org/wiki/Ricardo_Zunino
218,Ricardo,Londoño,08/08/1949,Colombian,http://en.wikipedia.org/wiki/Ricardo_Londo%C3%B1o
219,Jean-Pierre,Jabouille,01/10/1942,French,http://en.wikipedia.org/wiki/Jean-Pierre_Jabouille
220,Giorgio,Francia,08/11/1947,Italian,http://en.wikipedia.org/wiki/Giorgio_Francia
221,Patrick,Depailler,09/08/1944,French,http://en.wikipedia.org/wiki/Patrick_Depailler
222,Jody,Scheckter,29/01/1950,South African,http://en.wikipedia.org/wiki/Jody_Scheckter
223,Clay,Regazzoni,05/09/1939,Swiss,http://en.wikipedia.org/wiki/Clay_Regazzoni
224,Emerson,Fittipaldi,12/12/1946,Brazilian,http://en.wikipedia.org/wiki/Emerson_Fittipaldi
225,Dave,Kennedy,15/01/1953,Irish,http://en.wikipedia.org/wiki/David_Kennedy_(racing_driver)
226,Stephen,South,19/02/1952,British,http://en.wikipedia.org/wiki/Stephen_South
227,Tiff,Needell,29/10/1951,British,http://en.wikipedia.org/wiki/Tiff_Needell
228,Desiré,Wilson,26/11/1953,South African,http://en.wikipedia.org/wiki/Desir%C3%A9_Wilson
229,Harald,Ertl,31/08/1948,Austrian,http://en.wikipedia.org/wiki/Harald_Ertl
230,Vittorio,Brambilla,11/11/1937,Italian,http://en.wikipedia.org/wiki/Vittorio_Brambilla
231,James,Hunt,29/08/1947,British,http://en.wikipedia.org/wiki/James_Hunt
232,Arturo,Merzario,11/03/1943,Italian,http://en.wikipedia.org/wiki/Arturo_Merzario
233,Hans-Joachim,Stuck,01/01/1951,German,http://en.wikipedia.org/wiki/Hans_Joachim_Stuck
234,Gianfranco,Brancatelli,18/01/1950,Italian,http://en.wikipedia.org/wiki/Gianfranco_Brancatelli
235,Jacky,Ickx,01/01/1945,Belgian,http://en.wikipedia.org/wiki/Jacky_Ickx
236,Patrick,Gaillard,12/02/1952,French,http://en.wikipedia.org/wiki/Patrick_Gaillard
237,Alex,Ribeiro,07/11/1948,Brazilian,http://en.wikipedia.org/wiki/Alex_Ribeiro
238,Ronnie,Peterson,14/02/1944,Swedish,http://en.wikipedia.org/wiki/Ronnie_Peterson
239,Brett,Lunger,14/11/1945,American,http://en.wikipedia.org/wiki/Brett_Lunger
240,Danny,Ongais,21/05/1942,American,http://en.wikipedia.org/wiki/Danny_Ongais
241,Lamberto,Leoni,24/05/1953,Italian,http://en.wikipedia.org/wiki/Lamberto_Leoni
242,Divina,Galica,13/08/1944,British,http://en.wikipedia.org/wiki/Divina_Galica
243,Rolf,Stommelen,11/07/1943,German,http://en.wikipedia.org/wiki/Rolf_Stommelen
244,Alberto,Colombo,23/02/1946,Italian,http://en.wikipedia.org/wiki/Alberto_Colombo
245,Tony,Trimmer,24/01/1943,British,http://en.wikipedia.org/wiki/Tony_Trimmer
246,Hans,Binder,12/06/1948,Austrian,http://en.wikipedia.org/wiki/Hans_Binder
247,Michael,Bleekemolen,02/10/1949,Dutch,http://en.wikipedia.org/wiki/Michael_Bleekemolen
248,Carlo,Franchi,01/01/1938,Italian,http://en.wikipedia.org/wiki/Gimax
249,Bobby,Rahal,10/01/1953,American,http://en.wikipedia.org/wiki/Bobby_Rahal
250,Carlos,Pace,06/10/1944,Brazilian,http://en.wikipedia.org/wiki/Carlos_Pace
251,Ian,Scheckter,22/08/1947,South African,http://en.wikipedia.org/wiki/Ian_Scheckter
252,Tom,Pryce,11/06/1949,British,http://en.wikipedia.org/wiki/Tom_Pryce
253,Ingo,Hoffmann,28/02/1953,Brazilian,http://en.wikipedia.org/wiki/Ingo_Hoffmann
254,Renzo,Zorzi,12/12/1946,Italian,http://en.wikipedia.org/wiki/Renzo_Zorzi
255,Gunnar,Nilsson,20/11/1948,Swedish,http://en.wikipedia.org/wiki/Gunnar_Nilsson
256,Larry,Perkins,18/03/1950,Australian,http://en.wikipedia.org/wiki/Larry_Perkins
257,Boy,Lunger,03/05/1949,Dutch,http://en.wikipedia.org/wiki/Boy_Hayje
258,Patrick,Nève,13/10/1949,Belgian,http://en.wikipedia.org/wiki/Patrick_Neve
259,David,Purley,26/01/1945,British,http://en.wikipedia.org/wiki/David_Purley
260,Conny,Andersson,28/12/1939,Swedish,http://en.wikipedia.org/wiki/Conny_Andersson_(racing_driver)
261,Bernard,de Dryver,19/09/1952,Belgian,http://en.wikipedia.org/wiki/Bernard_de_Dryver
262,Jackie,Oliver,14/08/1942,British,http://en.wikipedia.org/wiki/Jackie_Oliver
263,Mikko,Kozarowitzky,17/05/1948,Finnish,http://en.wikipedia.org/wiki/Mikko_Kozarowitzky
264,Andy,Sutcliffe,09/05/1947,British,http://en.wikipedia.org/wiki/Andy_Sutcliffe
265,Guy,Edwards,30/12/1942,British,http://en.wikipedia.org/wiki/Guy_Edwards
266,Brian,McGuire,13/12/1945,Australian,http://en.wikipedia.org/wiki/Brian_McGuire
267,Vern,Schuppan,19/03/1943,Australian,http://en.wikipedia.org/wiki/Vern_Schuppan
268,Hans,Heyer,16/03/1943,German,http://en.wikipedia.org/wiki/Hans_Heyer
269,Teddy,Pilette,26/07/1942,Belgian,http://en.wikipedia.org/wiki/Teddy_Pilette
270,Ian,Ashley,26/10/1947,British,http://en.wikipedia.org/wiki/Ian_Ashley
271,Loris,Kessel,01/04/1950,Swiss,http://en.wikipedia.org/wiki/Loris_Kessel
272,Kunimitsu,Takahashi,29/01/1940,Japanese,http://en.wikipedia.org/wiki/Kunimitsu_Takahashi
273,Kazuyoshi,Hoshino,01/07/1947,Japanese,http://en.wikipedia.org/wiki/Kazuyoshi_Hoshino
274,Noritake,Takahara,06/06/1951,Japanese,http://en.wikipedia.org/wiki/Noritake_Takahara
275,Lella,Lombardi,26/03/1941,Italian,http://en.wikipedia.org/wiki/Lella_Lombardi
276,Bob,Evans,11/06/1947,British,http://en.wikipedia.org/wiki/Bob_Evans_(race_driver)
277,Michel,Leclère,18/03/1946,French,http://en.wikipedia.org/wiki/Michel_Lecl%C3%A8re
278,Chris,Amon,20/07/1943,New Zealander,http://en.wikipedia.org/wiki/Chris_Amon
279,Emilio,Zapico,27/05/1944,Spanish,http://en.wikipedia.org/wiki/Emilio_Zapico
280,Henri,Pescarolo,25/09/1942,French,http://en.wikipedia.org/wiki/Henri_Pescarolo
281,Jac,Nelleman,19/04/1944,Danish,http://en.wikipedia.org/wiki/Jac_Nelleman
282,Damien,Magee,17/11/1945,British,http://en.wikipedia.org/wiki/Damien_Magee
283,Mike,Wilds,07/01/1946,British,http://en.wikipedia.org/wiki/Mike_Wilds
284,Alessandro,Pesenti-Rossi,31/08/1942,Italian,http://en.wikipedia.org/wiki/Alessandro_Pesenti-Rossi
285,Otto,Stuppacher,03/03/1947,Austrian,http://en.wikipedia.org/wiki/Otto_Stuppacher
286,Warwick,Brown,24/12/1949,Australian,http://en.wikipedia.org/wiki/Warwick_Brown
287,Masahiro,Hasemi,13/11/1945,Japanese,http://en.wikipedia.org/wiki/Masahiro_Hasemi
288,Mark,Donohue,18/03/1937,American,http://en.wikipedia.org/wiki/Mark_Donohue
289,Graham,Hill,15/02/1929,British,http://en.wikipedia.org/wiki/Graham_Hill
290,Wilson,Fittipaldi,25/12/1943,Brazilian,http://en.wikipedia.org/wiki/Wilson_Fittipaldi
291,Guy,Tunmer,01/12/1948,South African,http://en.wikipedia.org/wiki/Guy_Tunmer
292,Eddie,Keizan,12/09/1944,South African,http://en.wikipedia.org/wiki/Eddie_Keizan
293,Dave,Charlton,27/10/1936,South African,http://en.wikipedia.org/wiki/Dave_Charlton
294,Tony,Brise,28/03/1952,British,http://en.wikipedia.org/wiki/Tony_Brise
295,Roelof,Wunderink,12/12/1948,Dutch,http://en.wikipedia.org/wiki/Roelof_Wunderink
296,François,Migault,04/12/1944,French,http://en.wikipedia.org/wiki/Fran%C3%A7ois_Migault
297,Torsten,Palm,23/07/1947,Swedish,http://en.wikipedia.org/wiki/Torsten_Palm
298,Gijs,van Lennep,16/03/1942,Dutch,http://en.wikipedia.org/wiki/Gijs_Van_Lennep
299,Hiroshi,Fushida,10/03/1946,Japanese,http://en.wikipedia.org/wiki/Hiroshi_Fushida
300,John,Nicholson,06/10/1941,New Zealander,http://en.wikipedia.org/wiki/John_Nicholson_(racing_driver)
301,Dave,Morgan,07/08/1944,British,http://en.wikipedia.org/wiki/Dave_Morgan_(racing_driver)
302,Jim,Crawford,13/02/1948,British,http://en.wikipedia.org/wiki/Jim_Crawford_(driver)
303,Jo,Vonlanthen,31/05/1942,Swiss,http://en.wikipedia.org/wiki/Jo_Vonlanthen
304,Denny,Hulme,18/06/1936,New Zealander,http://en.wikipedia.org/wiki/Denny_Hulme
305,Mike,Hailwood,02/04/1940,British,http://en.wikipedia.org/wiki/Mike_Hailwood
306,Jean-Pierre,Beltoise,26/04/1937,French,http://en.wikipedia.org/wiki/Jean-Pierre_Beltoise
307,Howden,Ganley,24/12/1941,New Zealander,http://en.wikipedia.org/wiki/Howden_Ganley
308,Richard,Robarts,22/09/1944,British,http://en.wikipedia.org/wiki/Richard_Robarts
309,Peter,Revson,27/02/1939,American,http://en.wikipedia.org/wiki/Peter_Revson
310,Paddy,Driver,13/05/1934,South African,http://en.wikipedia.org/wiki/Paddy_Driver
311,Tom,Belsø,27/08/1942,Danish,http://en.wikipedia.org/wiki/Tom_Bels%C3%B8
312,Brian,Redman,09/03/1937,British,http://en.wikipedia.org/wiki/Brian_Redman
313,Rikky,von Opel,14/10/1947,Liechtensteiner,http://en.wikipedia.org/wiki/Rikky_von_Opel
314,Tim,Schenken,26/09/1943,Australian,http://en.wikipedia.org/wiki/Tim_Schenken
315,Gérard,Larrousse,23/05/1940,French,http://en.wikipedia.org/wiki/G%C3%A9rard_Larrousse
316,Leo,Kinnunen,05/08/1943,Finnish,http://en.wikipedia.org/wiki/Leo_Kinnunen
317,Reine,Wisell,30/09/1941,Swedish,http://en.wikipedia.org/wiki/Reine_Wisell
318,Bertil,Roos,12/10/1943,Swedish,http://en.wikipedia.org/wiki/Bertil_Roos
319,José,Dolhem,26/04/1944,French,http://en.wikipedia.org/wiki/Jos%C3%A9_Dolhem
320,Peter,Gethin,21/02/1940,British,http://en.wikipedia.org/wiki/Peter_Gethin
321,Derek,Bell,31/10/1941,British,http://en.wikipedia.org/wiki/Derek_Bell_(auto_racer)
322,David,Hobbs,09/06/1939,British,http://en.wikipedia.org/wiki/David_Hobbs_(racing_driver)
323,Dieter,Quester,30/05/1939,Austrian,http://en.wikipedia.org/wiki/Dieter_Quester
324,Helmuth,Koinigg,03/11/1948,Austrian,http://en.wikipedia.org/wiki/Helmuth_Koinigg
325,Carlo,Facetti,26/06/1935,Italian,http://en.wikipedia.org/wiki/Carlo_Facetti
326,Eppie,Wietzes,28/05/1938,Canadian,http://en.wikipedia.org/wiki/Eppie_Wietzes
327,François,Cevert,25/02/1944,French,http://en.wikipedia.org/wiki/Fran%C3%A7ois_Cevert
328,Jackie,Stewart,11/06/1939,British,http://en.wikipedia.org/wiki/Jackie_Stewart
329,Mike,Beuttler,13/04/1940,British,http://en.wikipedia.org/wiki/Mike_Beuttler
330,Nanni,Galli,02/10/1940,Italian,http://en.wikipedia.org/wiki/Nanni_Galli
331,Luiz,Bueno,16/01/1937,Brazilian,http://en.wikipedia.org/wiki/Luiz_Bueno
332,George,Follmer,27/01/1934,American,http://en.wikipedia.org/wiki/George_Follmer
333,Andrea,de Adamich,03/10/1941,Italian,http://en.wikipedia.org/wiki/Andrea_de_Adamich
334,Jackie,Pretorius,22/11/1934,South African,http://en.wikipedia.org/wiki/Jackie_Pretorius
335,Roger,Williamson,02/02/1948,British,http://en.wikipedia.org/wiki/Roger_Williamson
336,Graham,McRae,05/03/1940,New Zealander,http://en.wikipedia.org/wiki/Graham_McRae
337,Helmut,Marko,27/04/1943,Austrian,http://en.wikipedia.org/wiki/Helmut_Marko
338,David,Walker,10/06/1941,Australian,http://en.wikipedia.org/wiki/David_Walker_(racing_driver)
339,Alex,Soler-Roig,29/10/1932,Spanish,http://en.wikipedia.org/wiki/Alex_Soler-Roig
340,John,Love,07/12/1924,Zimbabwean,http://en.wikipedia.org/wiki/John_Love_(racing_driver)
341,John,Surtees,11/02/1934,British,http://en.wikipedia.org/wiki/John_Surtees
342,Skip,Barber,16/11/1936,American,http://en.wikipedia.org/wiki/Skip_Barber
343,Bill,Brack,26/12/1935,Canadian,http://en.wikipedia.org/wiki/Bill_Brack
344,Sam,Posey,26/05/1944,American,http://en.wikipedia.org/wiki/Sam_Posey
345,Pedro,Rodríguez,18/01/1940,Mexican,http://en.wikipedia.org/wiki/Pedro_Rodr%C3%ADguez_(racing_driver)
346,Jo,Siffert,07/07/1936,Swiss,http://en.wikipedia.org/wiki/Jo_Siffert
347,Jo,Bonnier,31/01/1930,Swedish,http://en.wikipedia.org/wiki/Joakim_Bonnier
348,François,Mazet,24/02/1943,French,http://en.wikipedia.org/wiki/Fran%C3%A7ois_Mazet
349,Max,Jean,27/07/1943,French,http://en.wikipedia.org/wiki/Max_Jean
350,Vic,Elford,10/06/1935,British,http://en.wikipedia.org/wiki/Vic_Elford
351,Silvio,Moser,24/04/1941,Swiss,http://en.wikipedia.org/wiki/Silvio_Moser
352,George,Eaton,12/11/1945,Canadian,http://en.wikipedia.org/wiki/George_Eaton
353,Pete,Lovely,11/04/1926,American,http://en.wikipedia.org/wiki/Pete_Lovely
354,Chris,Craft,17/11/1939,British,http://en.wikipedia.org/wiki/Chris_Craft_(racing_driver)
355,John,Cannon,21/06/1933,Canadian,http://en.wikipedia.org/wiki/John_Cannon_(auto_racer)
356,Jack,Brabham,02/04/1926,Australian,http://en.wikipedia.org/wiki/Jack_Brabham
357,John,Miles,14/06/1943,British,http://en.wikipedia.org/wiki/John_Miles_(auto_racer)
358,Jochen,Rindt,18/04/1942,Austrian,http://en.wikipedia.org/wiki/Jochen_Rindt
359,Johnny,Servoz-Gavin,18/01/1942,French,http://en.wikipedia.org/wiki/Johnny_Servoz-Gavin
360,Bruce,McLaren,30/08/1937,New Zealander,http://en.wikipedia.org/wiki/Bruce_McLaren
361,Piers,Courage,27/05/1942,British,http://en.wikipedia.org/wiki/Piers_Courage
362,Peter,de Klerk,16/03/1935,South African,http://en.wikipedia.org/wiki/Peter_de_Klerk
363,Ignazio,Giunti,30/08/1941,Italian,http://en.wikipedia.org/wiki/Ignazio_Giunti
364,Dan,Gurney,13/04/1931,American,http://en.wikipedia.org/wiki/Dan_Gurney
365,Hubert,Hahne,28/03/1935,German,http://en.wikipedia.org/wiki/Hubert_Hahne
366,Gus,Hutchison,26/04/1937,American,http://en.wikipedia.org/wiki/Gus_Hutchison
367,Peter,Westbury,26/05/1938,British,http://en.wikipedia.org/wiki/Peter_Westbury
368,Sam,Tingle,24/08/1921,Zimbabwean,http://en.wikipedia.org/wiki/Sam_Tingle
369,Basil,van Rooyen,19/04/1939,South African,http://en.wikipedia.org/wiki/Basil_van_Rooyen
370,Richard,Attwood,04/04/1940,British,http://en.wikipedia.org/wiki/Richard_Attwood
371,Al,Pease,15/10/1921,Canadian,http://en.wikipedia.org/wiki/Al_Pease
372,John,Cordts,23/07/1935,Canadian,http://en.wikipedia.org/wiki/John_Cordts
373,Jim,Clark,04/03/1936,British,http://en.wikipedia.org/wiki/Jim_Clark
374,Mike,Spence,30/12/1936,British,http://en.wikipedia.org/wiki/Mike_Spence
375,Ludovico,Scarfiotti,18/10/1933,Italian,http://en.wikipedia.org/wiki/Ludovico_Scarfiotti
376,Lucien,Bianchi,10/11/1934,Belgian,http://en.wikipedia.org/wiki/Lucien_Bianchi
377,Jo,Schlesser,18/05/1928,French,http://en.wikipedia.org/wiki/Jo_Schlesser
378,Robin,Widdows,27/05/1942,British,http://en.wikipedia.org/wiki/Robin_Widdows
379,Kurt,Ahrens,19/04/1940,German,"http://en.wikipedia.org/wiki/Kurt_Ahrens,_Jr."
380,Frank,Gardner,01/10/1930,Australian,http://en.wikipedia.org/wiki/Frank_Gardner_(driver)
381,Bobby,Unser,20/02/1934,American,http://en.wikipedia.org/wiki/Bobby_Unser
382,Moisés,Solana,26/12/1935,Mexican,http://en.wikipedia.org/wiki/Mois%C3%A9s_Solana
383,Bob,Anderson,19/05/1931,British,http://en.wikipedia.org/wiki/Bob_Anderson_(racing_driver)
384,Luki,Botha,16/01/1930,South African,http://en.wikipedia.org/wiki/Luki_Botha
385,Lorenzo,Bandini,21/12/1935,Italian,http://en.wikipedia.org/wiki/Lorenzo_Bandini
386,Richie,Ginther,05/08/1930,American,http://en.wikipedia.org/wiki/Richie_Ginther
387,Mike,Parkes,24/09/1931,British,http://en.wikipedia.org/wiki/Mike_Parkes
388,Chris,Irwin,27/06/1942,British,http://en.wikipedia.org/wiki/Chris_Irwin
389,Guy,Ligier,12/07/1930,French,http://en.wikipedia.org/wiki/Guy_Ligier
390,Alan,Rees,12/01/1938,British,http://en.wikipedia.org/wiki/Alan_Rees_(racing_driver)
391,Brian,Hart,07/09/1936,British,http://en.wikipedia.org/wiki/Brian_Hart
392,Mike,Fisher,13/03/1943,American,http://en.wikipedia.org/wiki/Mike_Fisher_(driver)
393,Tom,Jones,26/04/1943,American,http://en.wikipedia.org/wiki/Tom_Jones_(auto_racer)
394,Giancarlo,Baghetti,25/12/1934,Italian,http://en.wikipedia.org/wiki/Giancarlo_Baghetti
395,Jonathan,Williams,26/10/1942,British,http://en.wikipedia.org/wiki/Jonathan_Williams_(racing_driver)
396,Bob,Bondurant,27/04/1933,American,http://en.wikipedia.org/wiki/Bob_Bondurant
397,Peter,Arundell,08/11/1933,British,http://en.wikipedia.org/wiki/Peter_Arundell
398,Vic,Wilson,14/04/1931,British,http://en.wikipedia.org/wiki/Vic_Wilson_(motor_racing_driver)
399,John,Taylor,23/03/1933,British,http://en.wikipedia.org/wiki/John_Taylor_(racer)
400,Chris,Lawrence,27/07/1933,British,http://en.wikipedia.org/wiki/Chris_Lawrence_(racing_driver)
401,Trevor,Taylor,26/12/1936,British,http://en.wikipedia.org/wiki/Trevor_Taylor
402,Giacomo,Russo,23/10/1937,Italian,http://en.wikipedia.org/wiki/Geki_(driver)
403,Phil,Hill,20/04/1927,American,http://en.wikipedia.org/wiki/Phil_Hill
404,Innes,Ireland,12/06/1930,British,http://en.wikipedia.org/wiki/Innes_Ireland
405,Ronnie,Bucknum,05/04/1936,American,http://en.wikipedia.org/wiki/Ronnie_Bucknum
406,Paul,Hawkins,12/10/1937,Australian,http://en.wikipedia.org/wiki/Paul_Hawkins_(racing_driver)
407,David,Prophet,09/10/1937,British,http://en.wikipedia.org/wiki/David_Prophet
408,Tony,Maggs,09/02/1937,South African,http://en.wikipedia.org/wiki/Tony_Maggs
409,Trevor,Blokdyk,30/11/1935,South African,http://en.wikipedia.org/wiki/Trevor_Blokdyk
410,Neville,Lederle,25/09/1938,South African,http://en.wikipedia.org/wiki/Neville_Lederle
411,Doug,Serrurier,09/12/1920,South African,http://en.wikipedia.org/wiki/Doug_Serrurier
412,Brausch,Niemann,07/01/1939,South African,http://en.wikipedia.org/wiki/Brausch_Niemann
413,Ernie,Pieterse,04/07/1938,South African,http://en.wikipedia.org/wiki/Ernie_Pieterse
414,Clive,Puzey,11/07/1941,Zimbabwean,http://en.wikipedia.org/wiki/Clive_Puzey
415,Ray,Reed,30/04/1932,South African,http://en.wikipedia.org/wiki/Ray_Reed
416,David,Clapham,18/05/1931,South African,http://en.wikipedia.org/wiki/David_Clapham
417,Alex,Blignaut,30/11/1932,South African,http://en.wikipedia.org/wiki/Alex_Blignaut
418,Masten,Gregory,29/02/1932,American,http://en.wikipedia.org/wiki/Masten_Gregory
419,John,Rhodes,18/08/1927,British,http://en.wikipedia.org/wiki/John_Rhodes_(driver)
420,Ian,Raby,22/09/1921,British,http://en.wikipedia.org/wiki/Ian_Raby
421,Alan,Rollinson,15/05/1943,British,http://en.wikipedia.org/wiki/Alan_Rollinson
422,Brian,Gubby,17/04/1934,British,http://en.wikipedia.org/wiki/Brian_Gubby
423,Gerhard,Mitter,30/08/1935,German,http://en.wikipedia.org/wiki/Gerhard_Mitter
424,Roberto,Bussinello,04/10/1927,Italian,http://en.wikipedia.org/wiki/Roberto_Bussinello
425,Nino,Vaccarella,04/03/1933,Italian,http://en.wikipedia.org/wiki/Nino_Vaccarella
426,Giorgio,Bassi,20/01/1934,Italian,http://en.wikipedia.org/wiki/Giorgio_Bassi
427,Maurice,Trintignant,30/10/1917,French,http://en.wikipedia.org/wiki/Maurice_Trintignant
428,Bernard,Collomb,07/10/1930,French,http://en.wikipedia.org/wiki/Bernard_Collomb
429,André,Pilette,06/10/1918,Belgian,http://en.wikipedia.org/wiki/Andr%C3%A9_Pilette
430,Carel Godin,de Beaufort,10/04/1934,Dutch,http://en.wikipedia.org/wiki/Carel_Godin_de_Beaufort
431,Edgar,Barth,26/01/1917,German,http://en.wikipedia.org/wiki/Edgar_Barth
432,Mário de Araújo,Cabral,15/01/1934,Portuguese,http://en.wikipedia.org/wiki/Mario_de_Araujo_Cabral
433,Walt,Hansgen,28/10/1919,American,http://en.wikipedia.org/wiki/Walt_Hansgen
434,Hap,Sharp,01/01/1928,American,http://en.wikipedia.org/wiki/Hap_Sharp
435,Willy,Mairesse,01/10/1928,Belgian,http://en.wikipedia.org/wiki/Willy_Mairesse
436,John,Campbell-Jones,21/01/1930,British,http://en.wikipedia.org/wiki/John_Campbell-Jones
437,Ian,Burgess,06/07/1930,British,http://en.wikipedia.org/wiki/Ian_Burgess
438,Tony,Settember,10/07/1926,American,http://en.wikipedia.org/wiki/Tony_Settember
439,Nasif,Estéfano,18/11/1932,Argentine,http://en.wikipedia.org/wiki/Nasif_Est%C3%A9fano
440,Jim,Hall,23/07/1935,American,http://en.wikipedia.org/wiki/Jim_Hall_(race_car_driver)
441,Tim,Parnell,25/06/1932,British,http://en.wikipedia.org/wiki/Tim_Parnell
442,Kurt,Kuhnke,30/04/1910,German,http://en.wikipedia.org/wiki/Kurt_Kuhnke
443,Ernesto,Brambilla,31/01/1934,Italian,http://en.wikipedia.org/wiki/Ernesto_Brambilla
444,Roberto,Lippi,17/10/1926,Italian,http://en.wikipedia.org/wiki/Roberto_Lippi
445,Günther,Seiffert,18/10/1937,German,http://en.wikipedia.org/wiki/G%C3%BCnther_Seiffert
446,Carlo,Abate,10/07/1932,Italian,http://en.wikipedia.org/wiki/Carlo_Mario_Abate
447,Gaetano,Starrabba,03/12/1932,Italian,http://en.wikipedia.org/wiki/Gaetano_Starrabba
448,Peter,Broeker,15/05/1926,Canadian,http://en.wikipedia.org/wiki/Peter_Broeker
449,Rodger,Ward,10/01/1921,American,http://en.wikipedia.org/wiki/Rodger_Ward
450,Ernie,de Vos,01/07/1941,Dutch,http://en.wikipedia.org/wiki/Ernie_de_Vos
451,Frank,Dochnal,08/10/1920,American,http://en.wikipedia.org/wiki/Frank_Dochnal
452,Thomas,Monarch,03/09/1945,American,http://en.wikipedia.org/wiki/Talk:1963_Mexican_Grand_Prix#Who_was_Thomas_Monarch.3F
842,Pierre,Gasly,07/02/1996,French,http://en.wikipedia.org/wiki/Pierre_Gasly
453,Jackie,Lewis,01/11/1936,British,http://en.wikipedia.org/wiki/Jackie_Lewis
454,Ricardo,Rodríguez,14/02/1942,Mexican,http://en.wikipedia.org/wiki/Ricardo_Rodr%C3%ADguez_(Formula_One)
455,Wolfgang,Seidel,04/07/1926,German,http://en.wikipedia.org/wiki/Wolfgang_Seidel
456,Roy,Salvadori,12/05/1922,British,http://en.wikipedia.org/wiki/Roy_Salvadori
457,Ben,Pon,09/12/1936,Dutch,http://en.wikipedia.org/wiki/Ben_Pon
458,Rob,Slotemaker,13/06/1929,Dutch,http://en.wikipedia.org/wiki/Rob_Slotemaker
459,Tony,Marsh,20/07/1931,British,http://en.wikipedia.org/wiki/Tony_Marsh_(racing_driver)
460,Gerry,Ashmore,25/07/1936,British,http://en.wikipedia.org/wiki/Gerry_Ashmore
461,Heinz,Schiller,25/01/1930,Swiss,http://en.wikipedia.org/wiki/Heinz_Schiller
462,Colin,Davis,29/07/1933,British,http://en.wikipedia.org/wiki/Colin_Davis_(driver)
463,Jay,Chamberlain,29/12/1925,American,http://en.wikipedia.org/wiki/Jay_Chamberlain
464,Tony,Shelly,02/02/1937,New Zealander,http://en.wikipedia.org/wiki/Tony_Shelly
465,Keith,Greene,05/01/1938,British,http://en.wikipedia.org/wiki/Keith_Greene
466,Heini,Walter,28/07/1927,Swiss,http://en.wikipedia.org/wiki/Heini_Walter
467,Ernesto,Prinoth,15/04/1923,Italian,http://en.wikipedia.org/wiki/Ernesto_Prinoth
468,Roger,Penske,20/02/1937,American,http://en.wikipedia.org/wiki/Roger_Penske
469,Rob,Schroeder,11/05/1926,British,http://en.wikipedia.org/wiki/Rob_Schroeder
470,Timmy,Mayer,22/02/1938,American,http://en.wikipedia.org/wiki/Timmy_Mayer
471,Bruce,Johnstone,30/01/1937,South African,http://en.wikipedia.org/wiki/Bruce_Johnstone_(racing_driver)
472,Mike,Harris,25/05/1939,South African,http://en.wikipedia.org/wiki/Mike_Harris_(race_car_driver)
473,Gary,Hocking,30/09/1937,Rhodesian,http://en.wikipedia.org/wiki/Gary_Hocking
474,Syd,van der Vyver,01/06/1920,South African,http://en.wikipedia.org/wiki/Syd_van_der_Vyver
475,Stirling,Moss,17/09/1929,British,http://en.wikipedia.org/wiki/Stirling_Moss
476,Wolfgang,von Trips,04/05/1928,German,http://en.wikipedia.org/wiki/Wolfgang_Graf_Berghe_von_Trips
477,Cliff,Allison,08/02/1932,British,http://en.wikipedia.org/wiki/Cliff_Allison
478,Hans,Herrmann,23/02/1928,German,http://en.wikipedia.org/wiki/Hans_Herrmann
479,Tony,Brooks,25/02/1932,British,http://en.wikipedia.org/wiki/Tony_Brooks
480,Michael,May,18/08/1934,Swiss,http://en.wikipedia.org/wiki/Michael_May_(racing_driver)
481,Henry,Taylor,16/12/1932,British,http://en.wikipedia.org/wiki/Henry_Taylor_(racing_driver)
482,Olivier,Gendebien,12/01/1924,Belgian,http://en.wikipedia.org/wiki/Olivier_Gendebien
483,Giorgio,Scarlatti,02/10/1921,Italian,http://en.wikipedia.org/wiki/Giorgio_Scarlatti
484,Brian,Naylor,24/03/1923,British,http://en.wikipedia.org/wiki/Brian_Naylor
485,Juan Manuel,Bordeu,28/01/1934,Argentine,http://en.wikipedia.org/wiki/Juan_Manuel_Bordeu
486,Jack,Fairman,15/03/1913,British,http://en.wikipedia.org/wiki/Jack_Fairman
487,Massimo,Natili,28/07/1935,Italian,http://en.wikipedia.org/wiki/Massimo_Natili
488,Peter,Monteverdi,07/06/1934,Swiss,http://en.wikipedia.org/wiki/Peter_Monteverdi
489,Renato,Pirocchi,26/03/1933,Italian,http://en.wikipedia.org/wiki/Renato_Pirocchi
490,Geoff,Duke,29/03/1923,British,http://en.wikipedia.org/wiki/Geoff_Duke
491,Alfonso,Thiele,05/04/1920,American-Italian,http://en.wikipedia.org/wiki/Alfonso_Thiele
492,Menato,Boffa,04/01/1930,Italian,http://en.wikipedia.org/wiki/Menato_Boffa
493,Peter,Ryan,10/06/1940,Canadian,http://en.wikipedia.org/wiki/Peter_Ryan_(driver)
494,Lloyd,Ruby,12/01/1928,American,http://en.wikipedia.org/wiki/Lloyd_Ruby
495,Ken,Miles,01/11/1918,British,http://en.wikipedia.org/wiki/Ken_Miles
496,Carlos,Menditeguy,10/08/1914,Argentine,http://en.wikipedia.org/wiki/Carlos_Menditeguy
497,Alberto Rodriguez,Larreta,14/01/1934,Argentine,http://en.wikipedia.org/wiki/Alberto_Rodriguez_Larreta
498,José Froilán,González,05/10/1922,Argentine,http://en.wikipedia.org/wiki/Jos%C3%A9_Froil%C3%A1n_Gonz%C3%A1lez
499,Roberto,Bonomi,30/09/1919,Argentine,http://en.wikipedia.org/wiki/Roberto_Bonomi
500,Gino,Munaron,02/04/1928,Italian,http://en.wikipedia.org/wiki/Gino_Munaron
501,Harry,Schell,29/06/1921,American,http://en.wikipedia.org/wiki/Harry_Schell
502,Alan,Stacey,29/08/1933,British,http://en.wikipedia.org/wiki/Alan_Stacey
503,Ettore,Chimeri,04/06/1921,Venezuelan,http://en.wikipedia.org/wiki/Ettore_Chimeri
504,Antonio,Creus,28/10/1924,Spanish,http://en.wikipedia.org/wiki/Antonio_Creus
505,Chris,Bristow,02/12/1937,British,http://en.wikipedia.org/wiki/Chris_Bristow
506,Bruce,Halford,18/05/1931,British,http://en.wikipedia.org/wiki/Bruce_Halford
507,Chuck,Daigh,29/11/1923,American,http://en.wikipedia.org/wiki/Chuck_Daigh
508,Lance,Reventlow,24/02/1936,American,http://en.wikipedia.org/wiki/Lance_Reventlow
509,Jim,Rathmann,16/07/1928,American,http://en.wikipedia.org/wiki/Jim_Rathmann
510,Paul,Goldsmith,02/10/1925,American,http://en.wikipedia.org/wiki/Paul_Goldsmith
511,Don,Branson,02/06/1920,American,http://en.wikipedia.org/wiki/Don_Branson
512,Johnny,Thomson,09/04/1922,American,http://en.wikipedia.org/wiki/Johnny_Thomson
513,Eddie,Johnson,10/02/1919,American,http://en.wikipedia.org/wiki/Eddie_Johnson_(auto_racer)
514,Bob,Veith,01/11/1926,American,http://en.wikipedia.org/wiki/Bob_Veith
515,Bud,Tingelstad,04/04/1928,American,http://en.wikipedia.org/wiki/Bud_Tingelstad
516,Bob,Christie,04/04/1924,American,http://en.wikipedia.org/wiki/Bob_Christie_(racing_driver)
517,Red,Amick,19/01/1929,American,http://en.wikipedia.org/wiki/Red_Amick
518,Duane,Carter,05/05/1913,American,http://en.wikipedia.org/wiki/Duane_Carter
519,Bill,Homeier,31/08/1918,American,http://en.wikipedia.org/wiki/Bill_Homeier
520,Gene,Hartley,28/01/1926,American,http://en.wikipedia.org/wiki/Gene_Hartley
521,Chuck,Stevenson,15/10/1919,American,http://en.wikipedia.org/wiki/Chuck_Stevenson
522,Bobby,Grim,04/09/1924,American,http://en.wikipedia.org/wiki/Bobby_Grim
523,Shorty,Templeman,12/08/1919,American,http://en.wikipedia.org/wiki/Shorty_Templeman
524,Jim,Hurtubise,05/12/1932,American,http://en.wikipedia.org/wiki/Jim_Hurtubise
525,Jimmy,Bryan,28/01/1926,American,http://en.wikipedia.org/wiki/Jimmy_Bryan
526,Troy,Ruttman,11/03/1930,American,http://en.wikipedia.org/wiki/Troy_Ruttman
527,Eddie,Sachs,28/05/1927,American,http://en.wikipedia.org/wiki/Eddie_Sachs
528,Don,Freeland,25/03/1925,American,http://en.wikipedia.org/wiki/Don_Freeland
529,Tony,Bettenhausen,12/09/1916,American,http://en.wikipedia.org/wiki/Tony_Bettenhausen
530,Wayne,Weiler,09/12/1934,American,http://en.wikipedia.org/wiki/Wayne_Weiler
531,Anthony,Foyt,16/01/1935,American,http://en.wikipedia.org/wiki/A.J._Foyt
532,Eddie,Russo,19/11/1925,American,http://en.wikipedia.org/wiki/Eddie_Russo
533,Johnny,Boyd,19/08/1926,American,http://en.wikipedia.org/wiki/Johnny_Boyd
534,Gene,Force,15/06/1916,American,http://en.wikipedia.org/wiki/Gene_Force
535,Jim,McWithey,04/07/1927,American,http://en.wikipedia.org/wiki/Jim_McWithey
536,Len,Sutton,09/08/1925,American,http://en.wikipedia.org/wiki/Len_Sutton
537,Dick,Rathmann,06/01/1924,American,http://en.wikipedia.org/wiki/Dick_Rathmann
538,Al,Herman,15/03/1927,American,http://en.wikipedia.org/wiki/Al_Herman
539,Dempsey,Wilson,11/03/1927,American,http://en.wikipedia.org/wiki/Dempsey_Wilson
540,Mike,Taylor,24/04/1934,British,http://en.wikipedia.org/wiki/Mike_Taylor_(driver)
541,Ron,Flockhart,16/06/1923,British,http://en.wikipedia.org/wiki/Ron_Flockhart_(auto_racing)
542,David,Piper,02/12/1930,British,http://en.wikipedia.org/wiki/David_Piper
543,Giulio,Cabianca,19/02/1923,Italian,http://en.wikipedia.org/wiki/Giulio_Cabianca
544,Piero,Drogo,08/08/1926,Italian,http://en.wikipedia.org/wiki/Piero_Drogo
545,Fred,Gamble,17/03/1932,American,http://en.wikipedia.org/wiki/Fred_Gamble_(racing_driver)
546,Arthur,Owen,23/03/1915,British,http://en.wikipedia.org/wiki/Arthur_Owen
547,Horace,Gould,20/09/1918,British,http://en.wikipedia.org/wiki/Horace_Gould
548,Bob,Drake,14/12/1919,American,http://en.wikipedia.org/wiki/Bob_Drake_(Formula_One)
549,Ivor,Bueb,06/06/1923,British,http://en.wikipedia.org/wiki/Ivor_Bueb
550,Alain,de Changy,05/02/1922,Belgian,http://en.wikipedia.org/wiki/Alain_de_Changy
551,Maria,de Filippis,11/11/1926,Italian,http://en.wikipedia.org/wiki/Maria_Teresa_de_Filippis
552,Jean,Lucienbonnet,07/01/1923,French,http://en.wikipedia.org/wiki/Jean_Lucienbonnet
553,André,Testut,13/04/1926,Monegasque,http://en.wikipedia.org/wiki/Andr%C3%A9_Testut
554,Jean,Behra,16/02/1921,French,http://en.wikipedia.org/wiki/Jean_Behra
555,Paul,Russo,10/04/1914,American,http://en.wikipedia.org/wiki/Paul_Russo
556,Jimmy,Daywalt,28/08/1924,American,http://en.wikipedia.org/wiki/Jimmy_Daywalt
557,Chuck,Arnold,30/05/1926,American,http://en.wikipedia.org/wiki/Chuck_Arnold
558,Al,Keller,11/04/1920,American,http://en.wikipedia.org/wiki/Al_Keller
559,Pat,Flaherty,06/01/1926,American,http://en.wikipedia.org/wiki/Pat_Flaherty_(racing_driver)
560,Bill,Cheesbourg,12/06/1927,American,http://en.wikipedia.org/wiki/Bill_Cheesbourg
561,Ray,Crawford,26/10/1915,American,http://en.wikipedia.org/wiki/Ray_Crawford
562,Jack,Turner,12/02/1920,American,http://en.wikipedia.org/wiki/Jack_Turner_(driver)
563,Chuck,Weyant,03/04/1923,American,http://en.wikipedia.org/wiki/Chuck_Weyant
564,Jud,Larson,21/01/1923,American,http://en.wikipedia.org/wiki/Jud_Larson
565,Mike,Magill,08/02/1920,American,http://en.wikipedia.org/wiki/Mike_Magill
566,Carroll,Shelby,11/01/1923,American,http://en.wikipedia.org/wiki/Carroll_Shelby
567,Fritz,d'Orey,25/03/1938,Brazilian,http://en.wikipedia.org/wiki/Fritz_d%27Orey
568,Azdrubal,Fontes,26/12/1922,Uruguayan,http://en.wikipedia.org/wiki/Azdrubal_Fontes
569,Peter,Ashdown,16/10/1934,British,http://en.wikipedia.org/wiki/Peter_Ashdown
570,Bill,Moss,04/09/1933,British,http://en.wikipedia.org/wiki/Bill_Moss_(racing_driver)
571,Dennis,Taylor,12/06/1921,British,http://en.wikipedia.org/wiki/Dennis_Taylor_(racing_driver)
572,Harry,Blanchard,13/06/1929,American,http://en.wikipedia.org/wiki/Harry_Blanchard
573,Alessandro,de Tomaso,10/07/1928,Argentine,http://en.wikipedia.org/wiki/Alessandro_de_Tomaso
574,George,Constantine,22/02/1918,American,http://en.wikipedia.org/wiki/George_Constantine
575,Bob,Said,05/05/1932,American,http://en.wikipedia.org/wiki/Bob_Said
576,Phil,Cade,12/06/1916,American,http://en.wikipedia.org/wiki/Phil_Cade
577,Luigi,Musso,28/07/1924,Italian,http://en.wikipedia.org/wiki/Luigi_Musso
578,Mike,Hawthorn,10/04/1929,British,http://en.wikipedia.org/wiki/Mike_Hawthorn
579,Juan,Fangio,24/06/1911,Argentine,http://en.wikipedia.org/wiki/Juan_Manuel_Fangio
580,Paco,Godia,21/03/1921,Spanish,http://en.wikipedia.org/wiki/Paco_Godia
581,Peter,Collins,06/11/1931,British,http://en.wikipedia.org/wiki/Peter_Collins_(racing_driver)
582,Ken,Kavanagh,12/12/1923,Australian,http://en.wikipedia.org/wiki/Ken_Kavanagh
583,Gerino,Gerini,10/08/1928,Italian,http://en.wikipedia.org/wiki/Gerino_Gerini_(racing_driver)
584,Bruce,Kessler,23/03/1936,American,http://en.wikipedia.org/wiki/Bruce_Kessler
585,Paul,Emery,12/11/1916,British,http://en.wikipedia.org/wiki/Paul_Emery
586,Luigi,Piotti,27/10/1913,Italian,http://en.wikipedia.org/wiki/Luigi_Piotti
587,Bernie,Ecclestone,28/10/1930,British,http://en.wikipedia.org/wiki/Bernie_Ecclestone
588,Luigi,Taramazzo,05/05/1932,Italian,http://en.wikipedia.org/wiki/Luigi_Taramazzo
589,Louis,Chiron,1899-08-03,Monegasque,http://en.wikipedia.org/wiki/Louis_Chiron
590,Stuart,Lewis-Evans,20/04/1930,British,http://en.wikipedia.org/wiki/Stuart_Lewis-Evans
591,George,Amick,24/10/1924,American,http://en.wikipedia.org/wiki/George_Amick
592,Jimmy,Reece,17/11/1929,American,http://en.wikipedia.org/wiki/Jimmy_Reece
593,Johnnie,Parsons,04/07/1918,American,http://en.wikipedia.org/wiki/Johnnie_Parsons
594,Johnnie,Tolan,22/10/1917,American,http://en.wikipedia.org/wiki/Johnnie_Tolan
595,Billy,Garrett,24/04/1933,American,http://en.wikipedia.org/wiki/Billy_Garrett
596,Ed,Elisian,09/12/1926,American,http://en.wikipedia.org/wiki/Ed_Elisian
597,Pat,O'Connor,09/10/1928,American,http://en.wikipedia.org/wiki/Pat_O%27Connor_(auto_racer)
598,Jerry,Unser,15/11/1932,American,http://en.wikipedia.org/wiki/Jerry_Unser
599,Art,Bisch,10/11/1926,American,http://en.wikipedia.org/wiki/Art_Bisch
600,Christian,Goethals,04/08/1928,Belgian,http://en.wikipedia.org/wiki/Christian_Goethals
601,Dick,Gibson,16/04/1918,British,http://en.wikipedia.org/wiki/Dick_Gibson
602,Robert,La Caze,26/02/1917,French,http://en.wikipedia.org/wiki/Robert_La_Caze
603,André,Guelfi,06/05/1919,French,http://en.wikipedia.org/wiki/Andr%C3%A9_Guelfi
604,François,Picard,26/04/1921,French,http://en.wikipedia.org/wiki/Fran%C3%A7ois_Picard
605,Tom,Bridger,24/06/1934,British,http://en.wikipedia.org/wiki/Tom_Bridger
606,Alfonso,de Portago,11/10/1928,Spanish,http://en.wikipedia.org/wiki/Alfonso_de_Portago
607,Cesare,Perdisa,21/10/1932,Italian,http://en.wikipedia.org/wiki/Cesare_Perdisa
608,Eugenio,Castellotti,10/10/1930,Italian,http://en.wikipedia.org/wiki/Eugenio_Castellotti
609,André,Simon,05/01/1920,French,http://en.wikipedia.org/wiki/Andr%C3%A9_Simon_(racing_driver)
610,Les,Leston,16/12/1920,British,http://en.wikipedia.org/wiki/Les_Leston
611,Sam,Hanks,13/07/1914,American,http://en.wikipedia.org/wiki/Sam_Hanks
612,Andy,Linden,05/04/1922,American,http://en.wikipedia.org/wiki/Andy_Linden_(racing_driver)
613,Marshall,Teague,22/02/1921,American,http://en.wikipedia.org/wiki/Marshall_Teague
614,Don,Edmunds,23/09/1930,American,http://en.wikipedia.org/wiki/Don_Edmunds
615,Fred,Agabashian,21/08/1913,American,http://en.wikipedia.org/wiki/Fred_Agabashian
616,Elmer,George,15/07/1928,American,http://en.wikipedia.org/wiki/Elmer_George
617,Mike,MacDowel,13/09/1932,British,http://en.wikipedia.org/wiki/Mike_MacDowel
618,Herbert,MacKay-Fraser,23/06/1927,American,http://en.wikipedia.org/wiki/Herbert_MacKay-Fraser
619,Bob,Gerard,19/01/1914,British,http://en.wikipedia.org/wiki/Bob_Gerard
620,Umberto,Maglioli,05/06/1928,Italian,http://en.wikipedia.org/wiki/Umberto_Maglioli
621,Paul,England,28/03/1929,Australian,http://en.wikipedia.org/wiki/Paul_England
622,Chico,Landi,14/07/1907,Brazilian,http://en.wikipedia.org/wiki/Chico_Landi
623,Alberto,Uria,11/07/1924,Uruguayan,http://en.wikipedia.org/wiki/Alberto_Uria
624,Hernando,da Silva Ramos,07/12/1925,Brazilian,http://en.wikipedia.org/wiki/Hernando_da_Silva_Ramos
625,Élie,Bayol,28/02/1914,French,http://en.wikipedia.org/wiki/%C3%89lie_Bayol
626,Robert,Manzon,12/04/1917,French,http://en.wikipedia.org/wiki/Robert_Manzon
627,Louis,Rosier,05/11/1905,French,http://en.wikipedia.org/wiki/Louis_Rosier
628,Bob,Sweikert,20/05/1926,American,http://en.wikipedia.org/wiki/Bob_Sweikert
629,Cliff,Griffith,06/02/1916,American,http://en.wikipedia.org/wiki/Cliff_Griffith
630,Duke,Dinsmore,10/04/1913,American,http://en.wikipedia.org/wiki/Duke_Dinsmore
631,Keith,Andrews,15/06/1920,American,http://en.wikipedia.org/wiki/Keith_Andrews_(driver)
632,Paul,Frère,30/01/1917,Belgian,http://en.wikipedia.org/wiki/Paul_Fr%C3%A8re
633,Luigi,Villoresi,16/05/1909,Italian,http://en.wikipedia.org/wiki/Luigi_Villoresi
634,Piero,Scotti,11/11/1909,Italian,http://en.wikipedia.org/wiki/Piero_Scotti
635,Colin,Chapman,19/05/1928,British,http://en.wikipedia.org/wiki/Colin_Chapman
636,Desmond,Titterington,01/05/1928,British,http://en.wikipedia.org/wiki/Desmond_Titterington
637,Archie,Scott Brown,13/05/1927,British,http://en.wikipedia.org/wiki/Archie_Scott_Brown
638,Ottorino,Volonterio,07/12/1917,Swiss,http://en.wikipedia.org/wiki/Ottorino_Volonterio
639,André,Milhoux,09/12/1928,Belgian,http://en.wikipedia.org/wiki/Andr%C3%A9_Milhoux
640,Toulo,de Graffenried,18/05/1914,Swiss,http://en.wikipedia.org/wiki/Toulo_de_Graffenried
641,Piero,Taruffi,12/10/1906,Italian,http://en.wikipedia.org/wiki/Piero_Taruffi
642,Nino,Farina,30/10/1906,Italian,http://en.wikipedia.org/wiki/Nino_Farina
643,Roberto,Mieres,03/12/1924,Argentine,http://en.wikipedia.org/wiki/Roberto_Mieres
644,Sergio,Mantovani,22/05/1929,Italian,http://en.wikipedia.org/wiki/Sergio_Mantovani
645,Clemar,Bucci,04/09/1920,Argentine,http://en.wikipedia.org/wiki/Clemar_Bucci
646,Jesús,Iglesias,22/02/1922,Argentine,http://en.wikipedia.org/wiki/Jes%C3%BAs_Iglesias
647,Alberto,Ascari,13/07/1918,Italian,http://en.wikipedia.org/wiki/Alberto_Ascari
648,Karl,Kling,16/09/1910,German,http://en.wikipedia.org/wiki/Karl_Kling
649,Pablo,Birger,07/01/1924,Argentine,http://en.wikipedia.org/wiki/Pablo_Birger
650,Jacques,Pollet,02/07/1922,French,http://en.wikipedia.org/wiki/Jacques_Pollet
651,Lance,Macklin,02/09/1919,British,http://en.wikipedia.org/wiki/Lance_Macklin
652,Ted,Whiteaway,01/11/1928,British,http://en.wikipedia.org/wiki/Ted_Whiteaway
653,Jimmy,Davies,08/08/1929,American,http://en.wikipedia.org/wiki/Jimmy_Davies
654,Walt,Faulkner,16/02/1920,American,http://en.wikipedia.org/wiki/Walt_Faulkner
655,Cal,Niday,29/04/1914,American,http://en.wikipedia.org/wiki/Cal_Niday
656,Art,Cross,24/01/1918,American,http://en.wikipedia.org/wiki/Art_Cross
657,Bill,Vukovich,13/12/1918,American,http://en.wikipedia.org/wiki/Bill_Vukovich
658,Jack,McGrath,08/10/1919,American,http://en.wikipedia.org/wiki/Jack_McGrath_(racing_driver)
659,Jerry,Hoyt,29/01/1929,American,http://en.wikipedia.org/wiki/Jerry_Hoyt
660,Johnny,Claes,11/08/1916,Belgian,http://en.wikipedia.org/wiki/Johnny_Claes
661,Peter,Walker,07/10/1912,British,http://en.wikipedia.org/wiki/Peter_Walker_(driver)
662,Mike,Sparken,16/06/1930,French,http://en.wikipedia.org/wiki/Mike_Sparken
663,Ken,Wharton,21/03/1916,British,http://en.wikipedia.org/wiki/Ken_Wharton
664,Kenneth,McAlpine,21/09/1920,British,http://en.wikipedia.org/wiki/Kenneth_McAlpine
665,Leslie,Marr,14/08/1922,British,http://en.wikipedia.org/wiki/Leslie_Marr
666,Tony,Rolt,16/10/1918,British,http://en.wikipedia.org/wiki/Tony_Rolt
667,John,Fitch,04/08/1917,American,http://en.wikipedia.org/wiki/John_Fitch_(driver)
668,Jean,Lucas,25/04/1917,French,http://en.wikipedia.org/wiki/Jean_Lucas
669,Prince,Bira,15/07/1914,Thai,http://en.wikipedia.org/wiki/Prince_Bira
670,Onofre,Marimón,19/12/1923,Argentine,http://en.wikipedia.org/wiki/Onofre_Marim%C3%B3n
671,Roger,Loyer,05/08/1907,French,http://en.wikipedia.org/wiki/Roger_Loyer
672,Jorge,Daponte,05/06/1923,Argentine,http://en.wikipedia.org/wiki/Jorge_Daponte
673,Mike,Nazaruk,02/10/1921,American,http://en.wikipedia.org/wiki/Mike_Nazaruk
674,Larry,Crockett,23/10/1926,American,http://en.wikipedia.org/wiki/Larry_Crockett
675,Manny,Ayulo,20/10/1921,American,http://en.wikipedia.org/wiki/Manny_Ayulo
676,Frank,Armi,12/10/1918,American,http://en.wikipedia.org/wiki/Frank_Armi
677,Travis,Webb,08/10/1910,American,http://en.wikipedia.org/wiki/Travis_Webb
678,Len,Duncan,25/07/1911,American,http://en.wikipedia.org/wiki/Len_Duncan
679,Ernie,McCoy,19/02/1921,American,http://en.wikipedia.org/wiki/Ernie_McCoy
680,Jacques,Swaters,30/10/1926,American,http://en.wikipedia.org/wiki/Jacques_Swaters
681,Georges,Berger,14/09/1918,Belgian,http://en.wikipedia.org/wiki/Georges_Berger
682,Don,Beauman,26/07/1928,British,http://en.wikipedia.org/wiki/Don_Beauman
683,Leslie,Thorne,23/06/1916,British,http://en.wikipedia.org/wiki/Leslie_Thorne
684,Bill,Whitehouse,01/04/1909,British,http://en.wikipedia.org/wiki/Bill_Whitehouse
685,John,Riseley-Prichard,17/01/1924,British,http://en.wikipedia.org/wiki/John_Riseley-Prichard
686,Reg,Parnell,02/07/1911,British,http://en.wikipedia.org/wiki/Reg_Parnell
687,Peter,Whitehead,12/11/1914,British,http://en.wikipedia.org/wiki/Peter_Whitehead_(racing_driver)
688,Eric,Brandon,18/07/1920,British,http://en.wikipedia.org/wiki/Eric_Brandon
689,Alan,Brown,20/11/1919,British,http://en.wikipedia.org/wiki/Alan_Brown_(racing_driver)
690,Rodney,Nuckey,26/06/1929,British,http://en.wikipedia.org/wiki/Rodney_Nuckey
691,Hermann,Lang,06/04/1909,German,http://en.wikipedia.org/wiki/Hermann_Lang
692,Theo,Helfrich,13/05/1913,German,http://en.wikipedia.org/wiki/Theo_Helfrich
693,Fred,Wacker,10/07/1918,American,http://en.wikipedia.org/wiki/Fred_Wacker
694,Giovanni,de Riu,10/03/1925,Italian,http://en.wikipedia.org/wiki/Giovanni_de_Riu
695,Oscar,Gálvez,17/08/1913,Argentine,http://en.wikipedia.org/wiki/%C3%93scar_Alfredo_G%C3%A1lvez
696,John,Barber,22/07/1929,British,http://en.wikipedia.org/wiki/John_Barber_(racing_driver)
697,Felice,Bonetto,09/06/1903,Italian,http://en.wikipedia.org/wiki/Felice_Bonetto
698,Adolfo,Cruz,28/06/1923,Argentine,http://en.wikipedia.org/wiki/Adolfo_Schewelm_Cruz
699,Duke,Nalon,02/03/1913,American,http://en.wikipedia.org/wiki/Duke_Nalon
700,Carl,Scarborough,03/07/1914,American,http://en.wikipedia.org/wiki/Carl_Scarborough
701,Bill,Holland,18/12/1907,American,http://en.wikipedia.org/wiki/Bill_Holland
702,Bob,Scott,04/10/1928,American,http://en.wikipedia.org/wiki/Bob_Scott_(auto_racer)
703,Arthur,Legat,1898-11-01,Belgian,http://en.wikipedia.org/wiki/Arthur_Legat
704,Yves,Cabantous,08/10/1904,French,http://en.wikipedia.org/wiki/Yves_Giraud_Cabantous
705,Tony,Crook,16/02/1920,British,http://en.wikipedia.org/wiki/Tony_Crook
706,Jimmy,Stewart,06/03/1931,British,http://en.wikipedia.org/wiki/Jimmy_Stewart_(racing_driver)
707,Ian,Stewart,15/07/1929,British,http://en.wikipedia.org/wiki/Ian_Stewart_(racing_driver)
708,Duncan,Hamilton,30/04/1920,British,http://en.wikipedia.org/wiki/Duncan_Hamilton_(racing_driver)
709,Ernst,Klodwig,23/05/1903,East German,http://en.wikipedia.org/wiki/Ernst_Klodwig
710,Rudolf,Krause,30/03/1907,East German,http://en.wikipedia.org/wiki/Rudolf_Krause
711,Oswald,Karch,06/03/1917,German,http://en.wikipedia.org/wiki/Oswald_Karch
712,Willi,Heeks,13/02/1922,German,http://en.wikipedia.org/wiki/Willi_Heeks
713,Theo,Fitzau,10/02/1923,East German,http://en.wikipedia.org/wiki/Theo_Fitzau
714,Kurt,Adolff,05/11/1921,German,http://en.wikipedia.org/wiki/Kurt_Adolff
715,Günther,Bechem,21/12/1921,German,http://en.wikipedia.org/wiki/G%C3%BCnther_Bechem
716,Erwin,Bauer,17/07/1912,German,http://en.wikipedia.org/wiki/Erwin_Bauer
717,Hans,von Stuck,27/12/1900,German,http://en.wikipedia.org/wiki/Hans_Von_Stuck
718,Ernst,Loof,04/07/1907,German,http://en.wikipedia.org/wiki/Ernst_Loof
719,Albert,Scherrer,28/02/1908,Swiss,http://en.wikipedia.org/wiki/Albert_Scherrer
720,Max,de Terra,06/10/1918,Swiss,http://en.wikipedia.org/wiki/Max_de_Terra
721,Peter,Hirt,30/03/1910,Swiss,http://en.wikipedia.org/wiki/Peter_Hirt
722,Piero,Carini,06/03/1921,Italian,http://en.wikipedia.org/wiki/Piero_Carini
723,Rudi,Fischer,19/04/1912,Swiss,http://en.wikipedia.org/wiki/Rudi_Fischer
724,Toni,Ulmen,25/01/1906,German,http://en.wikipedia.org/wiki/Toni_Ulmen
725,George,Abecassis,21/03/1913,British,http://en.wikipedia.org/wiki/George_Abecassis
726,George,Connor,16/08/1906,American,http://en.wikipedia.org/wiki/George_Connor_(driver)
727,Jim,Rigsby,06/06/1923,American,http://en.wikipedia.org/wiki/Jim_Rigsby
728,Joe,James,23/05/1925,American,http://en.wikipedia.org/wiki/Joe_James_(racing_driver)
729,Bill,Schindler,06/03/1909,American,http://en.wikipedia.org/wiki/Bill_Schindler
730,George,Fonder,22/06/1917,American,http://en.wikipedia.org/wiki/George_Fonder
731,Henry,Banks,14/06/1913,American,http://en.wikipedia.org/wiki/Henry_Banks
732,Johnny,McDowell,29/01/1915,American,http://en.wikipedia.org/wiki/Johnny_McDowell
733,Chet,Miller,19/07/1902,American,http://en.wikipedia.org/wiki/Chet_Miller
734,Bobby,Ball,26/08/1925,American,http://en.wikipedia.org/wiki/Bobby_Ball_(auto_racer)
735,Charles,de Tornaco,07/06/1927,Belgian,http://en.wikipedia.org/wiki/Charles_de_Tornaco
736,Roger,Laurent,21/02/1913,Belgian,http://en.wikipedia.org/wiki/Roger_Laurent
737,Robert,O'Brien,11/04/1908,American,http://en.wikipedia.org/wiki/Robert_O%27Brien_(auto_racer)
738,Tony,Gaze,03/02/1920,Australian,http://en.wikipedia.org/wiki/Tony_Gaze
739,Robin,Montgomerie-Charrington,23/06/1915,British,http://en.wikipedia.org/wiki/Robin_Montgomerie-Charrington
740,Franco,Comotti,24/07/1906,Italian,http://en.wikipedia.org/wiki/Franco_Comotti
741,Philippe,Étancelin,1896-12-28,French,http://en.wikipedia.org/wiki/Philippe_%C3%89tancelin
742,Dennis,Poore,19/08/1916,British,http://en.wikipedia.org/wiki/Dennis_Poore
743,Eric,Thompson,04/11/1919,British,http://en.wikipedia.org/wiki/Eric_Thompson_(racing_driver)
744,Ken,Downing,05/12/1917,British,http://en.wikipedia.org/wiki/Ken_Downing
745,Graham,Whitehead,15/04/1922,British,http://en.wikipedia.org/wiki/Graham_Whitehead
746,Gino,Bianco,22/07/1916,Brazilian,http://en.wikipedia.org/wiki/Gino_Bianco
747,David,Murray,28/12/1909,British,http://en.wikipedia.org/wiki/David_Murray_(driver)
748,Eitel,Cantoni,04/10/1906,Uruguayan,http://en.wikipedia.org/wiki/Eitel_Cantoni
749,Bill,Aston,29/03/1900,British,http://en.wikipedia.org/wiki/Bill_Aston
750,Adolf,Brudes,1899-10-15,German,http://en.wikipedia.org/wiki/Adolf_Brudes
751,Fritz,Riess,11/07/1922,German,http://en.wikipedia.org/wiki/Fritz_Riess
752,Helmut,Niedermayr,29/11/1915,German,http://en.wikipedia.org/wiki/Helmut_Niedermayr
753,Hans,Klenk,28/10/1919,German,http://en.wikipedia.org/wiki/Hans_Klenk
754,Marcel,Balsa,01/01/1909,French,http://en.wikipedia.org/wiki/Marcel_Balsa
755,Rudolf,Schoeller,27/04/1902,Swiss,http://en.wikipedia.org/wiki/Rudolf_Schoeller
756,Paul,Pietsch,20/06/1911,German,http://en.wikipedia.org/wiki/Paul_Pietsch
757,Josef,Peters,16/09/1914,German,http://en.wikipedia.org/wiki/Josef_Peters_(driver)
758,Dries,van der Lof,23/08/1919,Dutch,http://en.wikipedia.org/wiki/Dries_van_der_Lof
759,Jan,Flinterman,02/10/1919,Dutch,http://en.wikipedia.org/wiki/Jan_Flinterman
760,Piero,Dusio,1899-10-13,Italian,http://en.wikipedia.org/wiki/Piero_Dusio
761,Alberto,Crespo,16/01/1920,Argentine,http://en.wikipedia.org/wiki/Alberto_Crespo
762,Franco,Rol,05/06/1908,Italian,http://en.wikipedia.org/wiki/Franco_Rol
763,Consalvo,Sanesi,28/03/1911,Italian,http://en.wikipedia.org/wiki/Consalvo_Sanesi
764,Guy,Mairesse,10/08/1910,French,http://en.wikipedia.org/wiki/Guy_Mairesse
765,Henri,Louveau,25/01/1910,French,http://en.wikipedia.org/wiki/Henri_Louveau
766,Lee,Wallard,07/09/1910,American,http://en.wikipedia.org/wiki/Lee_Wallard
767,Carl,Forberg,04/03/1911,American,http://en.wikipedia.org/wiki/Carl_Forberg
768,Mauri,Rose,26/05/1906,American,http://en.wikipedia.org/wiki/Mauri_Rose
769,Bill,Mackey,15/12/1927,American,http://en.wikipedia.org/wiki/Bill_Mackey
770,Cecil,Green,30/09/1919,American,http://en.wikipedia.org/wiki/Cecil_Green
771,Walt,Brown,30/12/1911,American,http://en.wikipedia.org/wiki/Walt_Brown_(auto_racer)
772,Mack,Hellings,14/09/1915,American,http://en.wikipedia.org/wiki/Mack_Hellings
773,Pierre,Levegh,22/12/1905,French,http://en.wikipedia.org/wiki/Pierre_Levegh
774,Eugène,Chaboud,12/04/1907,French,http://en.wikipedia.org/wiki/Eug%C3%A8ne_Chaboud
775,Aldo,Gordini,20/05/1921,French,http://en.wikipedia.org/wiki/Aldo_Gordini
776,Joe,Kelly,13/03/1913,Irish,http://en.wikipedia.org/wiki/Joe_Kelly_(Formula_One)
777,Philip,Fotheringham-Parker,22/09/1907,British,http://en.wikipedia.org/wiki/Philip_Fotheringham-Parker
778,Brian,Shawe Taylor,28/01/1915,British,http://en.wikipedia.org/wiki/Brian_Shawe_Taylor
779,John,James,10/05/1914,British,http://en.wikipedia.org/wiki/John_James_(auto_racer)
780,Toni,Branca,15/09/1916,Swiss,http://en.wikipedia.org/wiki/Toni_Branca
781,Ken,Richardson,21/08/1911,British,http://en.wikipedia.org/wiki/Ken_Richardson_(race_car_driver)
782,Juan,Jover,23/11/1903,Spanish,http://en.wikipedia.org/wiki/Juan_Jover
783,Georges,Grignard,25/07/1905,French,http://en.wikipedia.org/wiki/Georges_Grignard
784,David,Hampshire,29/12/1917,British,http://en.wikipedia.org/wiki/David_Hampshire
785,Geoff,Crossley,11/05/1921,British,http://en.wikipedia.org/wiki/Geoff_Crossley
786,Luigi,Fagioli,1898-06-09,Italian,http://en.wikipedia.org/wiki/Luigi_Fagioli
787,Cuth,Harrison,06/07/1906,British,http://en.wikipedia.org/wiki/Cuth_Harrison
788,Joe,Fry,26/10/1915,British,http://en.wikipedia.org/wiki/Joe_Fry
789,Eugène,Martin,24/03/1915,French,http://en.wikipedia.org/wiki/Eug%C3%A8ne_Martin
790,Leslie,Johnson,22/03/1912,British,http://en.wikipedia.org/wiki/Leslie_Johnson_(racing_driver)
791,Clemente,Biondetti,1898-08-18,Italian,http://en.wikipedia.org/wiki/Clemente_Biondetti
792,Alfredo,Pián,21/10/1912,Argentine,http://en.wikipedia.org/wiki/Alfredo_Pi%C3%A0n
793,Raymond,Sommer,31/08/1906,French,http://en.wikipedia.org/wiki/Raymond_Sommer
794,Joie,Chitwood,14/04/1912,American,http://en.wikipedia.org/wiki/Joie_Chitwood
795,Myron,Fohr,17/06/1912,American,http://en.wikipedia.org/wiki/Myron_Fohr
796,Walt,Ader,15/12/1913,American,http://en.wikipedia.org/wiki/Walt_Ader
797,Jackie,Holmes,04/09/1920,American,http://en.wikipedia.org/wiki/Jackie_Holmes
798,Bayliss,Levrett,14/02/1914,American,http://en.wikipedia.org/wiki/Bayliss_Levrett
799,Jimmy,Jackson,25/07/1910,American,http://en.wikipedia.org/wiki/Jimmy_Jackson_(driver)
800,Nello,Pagani,11/10/1911,Italian,http://en.wikipedia.org/wiki/Nello_Pagani
801,Charles,Pozzi,27/08/1909,French,http://en.wikipedia.org/wiki/Charles_Pozzi
802,Dorino,Serafini,22/07/1909,Italian,http://en.wikipedia.org/wiki/Dorino_Serafini
803,Bill,Cantrell,31/01/1908,American,http://en.wikipedia.org/wiki/William_Cantrell
804,Johnny,Mantz,18/09/1918,American,http://en.wikipedia.org/wiki/Johnny_Mantz
805,Danny,Kladis,10/02/1917,American,http://en.wikipedia.org/wiki/Danny_Kladis
806,Óscar,González,10/11/1923,Uruguayan,http://en.wikipedia.org/wiki/Oscar_Gonz%C3%A1lez_(racing_driver)
807,Nico,Hülkenberg,19/08/1987,German,http://en.wikipedia.org/wiki/Nico_H%C3%BClkenberg
808,Vitaly,Petrov,08/09/1984,Russian,http://en.wikipedia.org/wiki/Vitaly_Petrov
810,Lucas,di Grassi,11/08/1984,Brazilian,http://en.wikipedia.org/wiki/Lucas_di_Grassi
811,Bruno,Senna,15/10/1983,Brazilian,http://en.wikipedia.org/wiki/Bruno_Senna
812,Karun,Chandhok,19/01/1984,Indian,http://en.wikipedia.org/wiki/Karun_Chandhok
813,Pastor,Maldonado,09/03/1985,Venezuelan,http://en.wikipedia.org/wiki/Pastor_Maldonado
814,Paul,di Resta,16/04/1986,British,http://en.wikipedia.org/wiki/Paul_di_Resta
815,Sergio,Pérez,26/01/1990,Mexican,http://en.wikipedia.org/wiki/Sergio_P%C3%A9rez
816,Jérôme,d'Ambrosio,27/12/1985,Belgian,http://en.wikipedia.org/wiki/J%C3%A9r%C3%B4me_d%27Ambrosio
817,Daniel,Ricciardo,01/07/1989,Australian,http://en.wikipedia.org/wiki/Daniel_Ricciardo
818,Jean-Éric,Vergne,25/04/1990,French,http://en.wikipedia.org/wiki/Jean-%C3%89ric_Vergne
819,Charles,Pic,15/02/1990,French,http://en.wikipedia.org/wiki/Charles_Pic
820,Max,Chilton,21/04/1991,British,http://en.wikipedia.org/wiki/Max_Chilton
821,Esteban,Gutiérrez,05/08/1991,Mexican,http://en.wikipedia.org/wiki/Esteban_Guti%C3%A9rrez
822,Valtteri,Bottas,28/08/1989,Finnish,http://en.wikipedia.org/wiki/Valtteri_Bottas
823,Giedo,van der Garde,25/04/1985,Dutch,http://en.wikipedia.org/wiki/Giedo_van_der_Garde
824,Jules,Bianchi,03/08/1989,French,http://en.wikipedia.org/wiki/Jules_Bianchi
825,Kevin,Magnussen,05/10/1992,Danish,http://en.wikipedia.org/wiki/Kevin_Magnussen
826,Daniil,Kvyat,26/04/1994,Russian,http://en.wikipedia.org/wiki/Daniil_Kvyat
827,André,Lotterer,19/11/1981,German,http://en.wikipedia.org/wiki/Andr%C3%A9_Lotterer
828,Marcus,Ericsson,02/09/1990,Swedish,http://en.wikipedia.org/wiki/Marcus_Ericsson
829,Will,Stevens,28/06/1991,British,http://en.wikipedia.org/wiki/Will_Stevens
830,Max,Verstappen,30/09/1997,Dutch,http://en.wikipedia.org/wiki/Max_Verstappen
831,Felipe,Nasr,21/08/1992,Brazilian,http://en.wikipedia.org/wiki/Felipe_Nasr
832,Carlos,Sainz,01/09/1994,Spanish,http://en.wikipedia.org/wiki/Carlos_Sainz_Jr.
833,Roberto,Merhi,22/03/1991,Spanish,http://en.wikipedia.org/wiki/Roberto_Merhi
834,Alexander,Rossi,25/09/1991,American,http://en.wikipedia.org/wiki/Alexander_Rossi_%28racing_driver%29
835,Jolyon,Palmer,20/01/1991,British,http://en.wikipedia.org/wiki/Jolyon_Palmer
836,Pascal,Wehrlein,18/10/1994,German,http://en.wikipedia.org/wiki/Pascal_Wehrlein
837,Rio,Haryanto,22/01/1993,Indonesian,http://en.wikipedia.org/wiki/Rio_Haryanto
838,Stoffel,Vandoorne,26/03/1992,Belgian,http://en.wikipedia.org/wiki/Stoffel_Vandoorne
839,Esteban,Ocon,17/09/1996,French,http://en.wikipedia.org/wiki/Esteban_Ocon
840,Lance,Stroll,29/10/1998,Canadian,http://en.wikipedia.org/wiki/Lance_Stroll
841,Antonio,Giovinazzi,14/12/1993,Italian,http://en.wikipedia.org/wiki/Antonio_Giovinazzi
843,Brendon,Hartley,10/11/1989,New Zealander,http://en.wikipedia.org/wiki/Brendon_Hartley
844,Charles,Leclerc,16/10/1997,Monegasque,http://en.wikipedia.org/wiki/Charles_Leclerc
845,Sergey,Sirotkin,27/08/1995,Russian,http://en.wikipedia.org/wiki/Sergey_Sirotkin_(racing_driver)
846,Lando,Norris,13/11/1999,British,http://en.wikipedia.org/wiki/Lando_Norris
847,George,Russell,15/02/1998,British,http://en.wikipedia.org/wiki/George_Russell_%28racing_driver%29
848,Alexander,Albon,23/03/1996,Thai,http://en.wikipedia.org/wiki/Alexander_Albon
849,Nicholas,Latifi,29/06/1995,Canadian,http://en.wikipedia.org/wiki/Nicholas_Latifi
850,Pietro,Fittipaldi,25/06/1996,Brazilian,http://en.wikipedia.org/wiki/Pietro_Fittipaldi
851,Jack,Aitken,23/09/1995,British,http://en.wikipedia.org/wiki/Jack_Aitken
852,Yuki,Tsunoda,11/05/2000,Japanese,http://en.wikipedia.org/wiki/Yuki_Tsunoda
853,Nikita,Mazepin,02/03/1999,Russian,http://en.wikipedia.org/wiki/Nikita_Mazepin
854,Mick,Schumacher,22/03/1999,German,http://en.wikipedia.org/wiki/Mick_Schumacher
